patient_id,site,age,gaf_score
1,Albany,21,85
2,Albany,22,32
3,Albany,24,42
4,Albany,24,41
5,Albany,24,58
7,Albany,21,48
8,Albany,25,48
10,Albany,30,45
11,Albany,29,49
13,Albany,29,30
14,Albany,30,51
15,Albany,23,41
16,Albany,26,70
17,Albany,18,23
18,Albany,25,57
19,Albany,23,63
20,Albany,27,36
21,Albany,27,59
22,Albany,31,70
23,Albany,25,99
24,Albany,28,42
25,Albany,30,45
26,Albany,20,55
28,Albany,29,69
29,Albany,19,57
30,Albany,22,33
31,Albany,24,53
33,Albany,25,96
34,Albany,21,76
35,Albany,23,41
36,Albany,24,59
37,Albany,19,52
38,Albany,23,64
39,Albany,31,57
41,Albany,30,34
42,Albany,28,32
43,Albany,21,55
44,Albany,21,52
45,Albany,19,83
46,Albany,30,58
47,Albany,31,41
48,Albany,21,26
49,Albany,23,48
50,Albany,23,45
51,Springfield,19,57
52,Springfield,31,55
53,Springfield,27,50
54,Springfield,18,42
55,Springfield,22,61
56,Springfield,19,51
57,Springfield,29,47
58,Springfield,29,56
59,Springfield,22,41
60,Springfield,31,57
61,Springfield,27,39
62,Springfield,27,47
63,Springfield,27,55
64,Springfield,28,63
65,Springfield,18,38
66,Springfield,31,39
67,Springfield,19,48
68,Springfield,27,67
69,Springfield,29,61
70,Springfield,25,50
71,Springfield,25,38
72,Springfield,31,74
73,Springfield,28,60
74,Springfield,23,48
75,Springfield,21,47
76,Springfield,27,66
77,Springfield,21,48
78,Springfield,20,40
79,Springfield,22,59
80,Springfield,25,48
81,Springfield,21,70
82,Springfield,29,33
83,Springfield,19,53
84,Springfield,28,46
85,Springfield,31,52
86,Springfield,20,33
87,Springfield,18,61
88,Springfield,18,51
89,Springfield,24,27
90,Springfield,22,49
91,Springfield,27,45
92,Springfield,18,70
93,Springfield,28,46
94,Springfield,22,51
95,Springfield,28,40
96,Springfield,24,61
97,Springfield,29,69
98,Springfield,30,50
99,Springfield,24,45
100,Springfield,26,51
